{"cameraMode":{"drawMode":0,"name":"Shaded","section":"Shading Mode"},"sceneLighting":true,"audioPlay":false,"sceneViewState":{"m_AlwaysRefresh":false,"showFog":true,"showSkybox":true,"showFlares":true,"showImageEffects":true,"showParticleSystems":true,"showVisualEffectGraphs":true,"m_FxEnabled":true},"in2DMode":false,"pivot":{"x":1.2316361665725709,"y":1.1471587419509888,"z":-7.69716215133667},"rotation":{"x":-0.09764061868190766,"y":-0.017319461330771447,"z":0.0016941092908382416,"w":-0.9950865507125855},"size":1.6868293285369874,"orthographic":false}