{"cameraMode":{"drawMode":0,"name":"Shaded","section":"Shading Mode"},"sceneLighting":true,"audioPlay":false,"sceneViewState":{"m_AlwaysRefresh":false,"showFog":true,"showSkybox":true,"showFlares":true,"showImageEffects":true,"showParticleSystems":true,"showVisualEffectGraphs":true,"m_FxEnabled":true},"in2DMode":false,"pivot":{"x":-3.5151278972625734,"y":8.825111389160157,"z":-3.6313681602478029},"rotation":{"x":-0.06984704732894898,"y":-0.9306115508079529,"z":0.25627344846725466,"w":-0.25236162543296816},"size":2.738438129425049,"orthographic":false}