{"cameraMode":{"drawMode":0,"name":"Shaded","section":"Shading Mode"},"sceneLighting":false,"audioPlay":false,"sceneViewState":{"m_AlwaysRefresh":false,"showFog":true,"showSkybox":false,"showFlares":true,"showImageEffects":true,"showParticleSystems":true,"showVisualEffectGraphs":true,"m_FxEnabled":true},"in2DMode":false,"pivot":{"x":-2.955087661743164,"y":0.38999998569488528,"z":7.650000095367432},"rotation":{"x":0.14522631466388703,"y":0.03494875505566597,"z":-0.005000938195735216,"w":0.9889005422592163},"size":0.4330126941204071,"orthographic":false}